neighbourhood,nb_number,est_kwh,base_kwh,age_factor,consumption_score,renter_pct,renter_score,income_score,dominant_type
Princess-Rosethorn,10.0,14164.0,10451.0,1.3552,1.0,0.1513,0.0891,0.3406,Single detached
Runnymede-Bloor West Village,89.0,13800.0,9499.0,1.4528,0.9563,0.2201,0.174,0.3059,Single detached
Lawrence Park North,105.0,13260.0,9637.0,1.3759,0.8915,0.2482,0.2087,0.141,Single detached
Old East York,58.0,13194.0,9400.0,1.4036,0.8836,0.3423,0.325,0.6529,Single detached
Alderwood,20.0,13084.0,9636.0,1.3578,0.8704,0.2317,0.1884,0.6356,Single detached
Bendale South,157.0,13006.0,9370.0,1.3881,0.861,0.3323,0.3126,0.8959,Single detached
Woodbine-Lumsden,60.0,12982.0,9231.0,1.4064,0.8582,0.3358,0.3169,0.6095,Single detached
Leaside-Bennington,56.0,12932.0,9372.0,1.3798,0.8522,0.2766,0.2438,0.2278,Single detached
Centennial Scarborough,133.0,12867.0,10581.0,1.2161,0.8444,0.0792,0.0,0.5575,Single detached
Kingsway South,15.0,12825.0,9568.0,1.3404,0.8393,0.1873,0.1335,0.0,Single detached
Lawrence Park South,103.0,12767.0,9227.0,1.3836,0.8324,0.3155,0.2919,0.1518,Single detached
Danforth-East York,59.0,12575.0,8955.0,1.4043,0.8093,0.3086,0.2833,0.6095,Single detached
Highland Creek,134.0,12557.0,10600.0,1.1846,0.8072,0.137,0.0714,0.8265,Single detached
Stonegate-Queensway,16.0,12490.0,9205.0,1.3568,0.7991,0.3718,0.3614,0.5662,Single detached
Caledonia-Fairbank,109.0,12396.0,9060.0,1.3682,0.7878,0.3706,0.3599,0.8091,Single detached
Cliffcrest,123.0,12388.0,9300.0,1.332,0.7869,0.366,0.3542,0.7918,Single detached
Birchcliffe-Cliffside,122.0,12286.0,9037.0,1.3596,0.7746,0.3437,0.3267,0.6616,Single detached
Eringate-Centennial-West Deane,11.0,12259.0,9249.0,1.3255,0.7714,0.1614,0.1015,0.6529,Single detached
Rexdale-Kipling,4.0,12243.0,8839.0,1.3851,0.7695,0.4956,0.5143,0.8872,Single detached
Lambton Baby Point,114.0,12241.0,8646.0,1.4158,0.7692,0.4106,0.4093,0.5575,Single detached
Wexford/Maryvale,119.0,12206.0,8978.0,1.3595,0.765,0.4113,0.4102,0.8525,Single detached
Thistletown-Beaumond Heights,3.0,11974.0,8960.0,1.3363,0.7372,0.376,0.3666,0.9046,Single detached
Guildwood,140.0,11917.0,9106.0,1.3088,0.7303,0.2186,0.1722,0.5748,Single detached
Corso Italia-Davenport,92.0,11852.0,8347.0,1.4199,0.7225,0.3672,0.3557,0.7223,Apt low-rise
Bridle Path-Sunnybrook-York Mills,41.0,11558.0,9718.0,1.1893,0.6873,0.1152,0.0445,0.0542,Single detached
Bedford Park-Nortown,39.0,11487.0,9082.0,1.2648,0.6787,0.3189,0.2961,0.4447,Single detached
Danforth,66.0,11481.0,8017.0,1.432,0.678,0.367,0.3555,0.6095,Apt low-rise
Oakwood Village,107.0,11475.0,8291.0,1.3839,0.6773,0.4957,0.5145,0.8004,Single detached
North Riverdale,68.0,11474.0,7967.0,1.4403,0.6772,0.4169,0.4171,0.436,Apt low-rise
Maple Leaf,29.0,11473.0,8655.0,1.3257,0.6771,0.4542,0.4632,0.8091,Single detached
Parkwoods-O'Connor Hills,149.0,11401.0,8502.0,1.341,0.6684,0.5272,0.5534,0.7657,Single detached
Keelesdale-Eglinton West,110.0,11376.0,8568.0,1.3277,0.6654,0.4071,0.405,0.8959,Single detached
The Beaches,63.0,11362.0,8259.0,1.3758,0.6637,0.3664,0.3547,0.2885,Apt low-rise
West Rouge,143.0,11268.0,9310.0,1.2103,0.6525,0.205,0.1554,0.705,Single detached
Dovercourt Village,172.0,11260.0,7962.0,1.4142,0.6515,0.4539,0.4628,0.7918,Apt low-rise
O`Connor Parkview,54.0,11234.0,8298.0,1.3538,0.6484,0.5422,0.5719,0.8004,Single detached
St.Andrew-Windfields,40.0,11227.0,8923.0,1.2583,0.6475,0.3617,0.3489,0.6095,Single detached
Pelmo Park-Humberlea,23.0,11203.0,9021.0,1.2418,0.6447,0.1865,0.1325,0.757,Single detached
Blake-Jones,69.0,11163.0,7939.0,1.406,0.6399,0.4597,0.47,0.7831,Semi-detached
Woodbine Corridor,64.0,11119.0,8002.0,1.3895,0.6346,0.4011,0.3976,0.5315,Apt low-rise
Greenwood-Coxwell,65.0,11085.0,7978.0,1.3894,0.6305,0.4093,0.4077,0.6443,Apt low-rise
Golfdale-Cedarbrae-Woburn,141.0,11059.0,8283.0,1.3351,0.6274,0.5017,0.5219,0.9393,Single detached
Mount Pleasant East,99.0,10999.0,8156.0,1.3486,0.6202,0.4491,0.4569,0.3492,Apt high-rise
Willowridge-Martingrove-Richview,7.0,10901.0,8347.0,1.3059,0.6084,0.457,0.4667,0.731,Apt high-rise
Clairlea-Birchmount,120.0,10890.0,8484.0,1.2836,0.6071,0.3622,0.3496,0.8178,Single detached
Markland Wood,12.0,10873.0,8197.0,1.3266,0.6051,0.2666,0.2315,0.6009,Apt high-rise
Morningside Heights,144.0,10844.0,9962.0,1.0886,0.6016,0.1546,0.0931,0.8612,Single detached
Rockcliffe-Smythe,111.0,10844.0,7989.0,1.3573,0.6016,0.4383,0.4436,0.8698,Apt high-rise
Morningside,135.0,10825.0,8376.0,1.2924,0.5993,0.4051,0.4025,0.8698,Single detached
Humewood-Cedarvale,106.0,10795.0,7798.0,1.3844,0.5957,0.633,0.684,0.6356,Apt low-rise
Milliken,130.0,10712.0,9043.0,1.1846,0.5857,0.12,0.0504,1.0,Single detached
Islington,158.0,10702.0,8363.0,1.2798,0.5845,0.3156,0.292,0.6269,Single detached
Weston-Pelham Park,91.0,10700.0,7809.0,1.3702,0.5843,0.4064,0.4042,0.8438,Apt low-rise
East Willowdale,152.0,10577.0,8968.0,1.1794,0.5695,0.3021,0.2753,0.8178,Single detached
Mimico-Queensway,160.0,10575.0,8089.0,1.3073,0.5693,0.4692,0.4817,0.6356,Single detached
New Toronto,18.0,10564.0,8008.0,1.3191,0.568,0.5621,0.5965,0.8004,Apt low-rise
Playter Estates-Danforth,67.0,10555.0,7530.0,1.4017,0.5669,0.5213,0.5461,0.5488,Apt high-rise
East End Danforth,62.0,10538.0,7817.0,1.348,0.5649,0.4537,0.4626,0.6182,Apt low-rise
Palmerston-Little Italy,80.0,10537.0,7422.0,1.4196,0.5647,0.5858,0.6257,0.679,Apt low-rise
Agincourt North,129.0,10514.0,8569.0,1.227,0.562,0.2145,0.1671,0.9653,Single detached
Elms-Old Rexdale,5.0,10504.0,7966.0,1.3187,0.5608,0.4476,0.455,0.8698,Apt high-rise
Humber Heights-Westmount,8.0,10496.0,8095.0,1.2967,0.5598,0.3954,0.3906,0.7397,Apt high-rise
Bathurst Manor,34.0,10485.0,8056.0,1.3016,0.5585,0.4584,0.4684,0.8004,Single detached
West Hill,136.0,10483.0,8180.0,1.2816,0.5583,0.4074,0.4054,0.8959,Apt high-rise
Edenbridge-Humber Valley,9.0,10467.0,8157.0,1.2833,0.5563,0.4352,0.4397,0.5662,Single detached
Trinity-Bellwoods,81.0,10439.0,7513.0,1.3894,0.553,0.4444,0.4511,0.7397,Apt low-rise
Downsview,155.0,10434.0,8327.0,1.2531,0.5524,0.4731,0.4865,0.8004,Apt low-rise
West Humber-Clairville,1.0,10397.0,8513.0,1.2212,0.5479,0.3463,0.3299,0.8872,Single detached
Hillcrest Village,48.0,10300.0,8072.0,1.276,0.5363,0.2749,0.2417,0.8698,Apt high-rise
Steeles,116.0,10293.0,8624.0,1.1936,0.5355,0.1704,0.1126,0.9826,Single detached
Oakdale-Beverley Heights,154.0,10282.0,7847.0,1.3102,0.5341,0.5676,0.6033,0.8872,Apt high-rise
High Park-Swansea,87.0,10278.0,7681.0,1.3381,0.5337,0.4029,0.3998,0.3926,Apt high-rise
Beechborough-Greenbrook,112.0,10277.0,7716.0,1.3318,0.5335,0.6673,0.7264,0.8785,Apt low-rise
Humber Summit,21.0,10276.0,7944.0,1.2936,0.5334,0.2799,0.2479,0.9393,Semi-detached
Newtonbrook East,50.0,10265.0,8362.0,1.2276,0.5321,0.3796,0.371,0.8785,Single detached
Bayview Woods-Steeles,49.0,10261.0,8001.0,1.2825,0.5316,0.4427,0.449,0.7918,Apt high-rise
Wychwood,94.0,10242.0,7583.0,1.3506,0.5293,0.4948,0.5133,0.6703,Apt low-rise
Junction Area,90.0,10237.0,7685.0,1.3321,0.5287,0.42,0.4209,0.5922,Apt low-rise
Pleasant View,46.0,10228.0,7936.0,1.2888,0.5277,0.2718,0.2379,0.8698,Semi-detached
Roncesvalles,86.0,10216.0,7314.0,1.3968,0.5262,0.5343,0.5621,0.6269,Apt low-rise
Forest Hill South,101.0,10212.0,7733.0,1.3204,0.5257,0.5143,0.5374,0.2798,Apt high-rise
Malvern West,145.0,10190.0,8365.0,1.2182,0.5231,0.263,0.227,0.9306,Row house
Yorkdale-Glen Park,31.0,10177.0,8217.0,1.2385,0.5215,0.4627,0.4737,0.8265,Single detached
Long Branch,19.0,10136.0,7878.0,1.2866,0.5166,0.4972,0.5163,0.6182,Apt low-rise
Briar Hill-Belgravia,108.0,10114.0,7632.0,1.3253,0.514,0.5202,0.5447,0.8091,Apt high-rise
Kennedy Park,124.0,10087.0,7706.0,1.3089,0.5107,0.4784,0.4931,0.9219,Apt high-rise
Rustic,28.0,10041.0,7672.0,1.3088,0.5052,0.6236,0.6724,0.9349,Apt high-rise
Yonge-Eglinton,100.0,9916.0,7513.0,1.3199,0.4902,0.6275,0.6772,0.4187,Apt high-rise
Dorset Park,126.0,9914.0,7759.0,1.2778,0.49,0.3968,0.3923,0.8959,Apt high-rise
Forest Hill North,102.0,9898.0,7306.0,1.3549,0.4881,0.6495,0.7044,0.6529,Apt high-rise
East L'Amoreaux,148.0,9867.0,7852.0,1.2566,0.4843,0.2505,0.2116,0.9436,Apt high-rise
Malvern East,146.0,9861.0,8203.0,1.2021,0.4836,0.2989,0.2714,0.8959,Apt high-rise
Rosedale-Moore Park,98.0,9857.0,7421.0,1.3282,0.4831,0.4243,0.4263,0.1518,Apt high-rise
Ionview,125.0,9832.0,7295.0,1.3477,0.4801,0.6163,0.6634,0.8785,Apt high-rise
Kingsview Village-The Westway,6.0,9766.0,7412.0,1.3175,0.4722,0.4701,0.4828,0.8698,Apt high-rise
Tam O'Shanter-Sullivan,118.0,9748.0,7713.0,1.2638,0.4701,0.4382,0.4434,0.9046,Apt high-rise
South Riverdale,70.0,9709.0,7400.0,1.3119,0.4654,0.428,0.4308,0.5575,Apt low-rise
Brookhaven-Amesbury,30.0,9666.0,7447.0,1.298,0.4602,0.5903,0.6313,0.8698,Apt high-rise
L'Amoreaux West,147.0,9574.0,7552.0,1.2677,0.4492,0.4569,0.4665,0.9349,Apt high-rise
Glenfield-Jane Heights,25.0,9573.0,7323.0,1.3072,0.4491,0.482,0.4975,0.9566,Apt high-rise
Newtonbrook West,36.0,9571.0,7693.0,1.2441,0.4488,0.4994,0.519,0.9046,Apt high-rise
Dufferin Grove,83.0,9566.0,7038.0,1.3593,0.4482,0.5854,0.6252,0.731,Apt low-rise
Lansing-Westgate,38.0,9536.0,7831.0,1.2178,0.4446,0.434,0.4382,0.6356,Apt high-rise
University,79.0,9517.0,6937.0,1.372,0.4423,0.6111,0.657,0.679,Apt low-rise
Banbury-Don Mills,42.0,9431.0,7548.0,1.2495,0.432,0.4024,0.3992,0.6095,Apt high-rise
Oakridge,121.0,9413.0,7152.0,1.3161,0.4299,0.6924,0.7574,0.9783,Apt high-rise
Clanton Park,33.0,9412.0,7802.0,1.2063,0.4297,0.4549,0.4641,0.705,Apt high-rise
Englemount-Lawrence,32.0,9396.0,7472.0,1.2575,0.4278,0.5674,0.603,0.8091,Apt high-rise
Agincourt South-Malvern West,128.0,9379.0,7849.0,1.195,0.4258,0.3037,0.2773,0.9219,Apt high-rise
Victoria Village,43.0,9361.0,7175.0,1.3046,0.4236,0.5883,0.6288,0.8785,Apt high-rise
Mount Dennis,115.0,9356.0,7251.0,1.2903,0.423,0.5252,0.5509,0.8612,Apt high-rise
Broadview North,57.0,9355.0,7002.0,1.3362,0.4229,0.691,0.7557,0.7744,Apt high-rise
Woburn North,142.0,9271.0,7335.0,1.264,0.4128,0.4611,0.4717,0.9132,Apt high-rise
Humbermede,22.0,9212.0,7268.0,1.2674,0.4057,0.541,0.5704,0.9132,Apt high-rise
Weston,113.0,9189.0,7078.0,1.2983,0.403,0.6452,0.6991,0.8612,Apt high-rise
Don Valley Village,47.0,9187.0,7286.0,1.261,0.4027,0.4934,0.5116,0.8612,Apt high-rise
Junction-Wallace Emerson,171.0,9166.0,7191.0,1.2747,0.4002,0.4988,0.5183,0.7223,Apt low-rise
Casa Loma,96.0,9135.0,6961.0,1.3122,0.3965,0.5611,0.5952,0.3145,Apt high-rise
Black Creek,24.0,9089.0,6958.0,1.3063,0.391,0.6736,0.7342,0.9783,Apt high-rise
Eglinton East,138.0,9002.0,7026.0,1.2812,0.3805,0.5354,0.5635,0.8959,Apt high-rise
Bendale-Glen Andrew,156.0,9000.0,7389.0,1.218,0.3803,0.3945,0.3895,0.8785,Apt high-rise
Etobicoke West Mall,13.0,8973.0,6980.0,1.2856,0.3771,0.4397,0.4453,0.7657,Apt high-rise
High Park North,88.0,8957.0,6766.0,1.3239,0.3751,0.6658,0.7246,0.5662,Apt high-rise
Mount Olive-Silverstone-Jamestown,2.0,8874.0,7051.0,1.2586,0.3652,0.54,0.5692,0.974,Apt high-rise
York University Heights,27.0,8812.0,7109.0,1.2396,0.3577,0.5348,0.5627,0.9132,Apt high-rise
Scarborough Village,139.0,8804.0,6906.0,1.2748,0.3568,0.55,0.5815,0.9132,Apt high-rise
Cabbagetown-South St. James Town,71.0,8751.0,6598.0,1.3263,0.3504,0.5492,0.5805,0.6009,Apt high-rise
Yonge-St. Clair,97.0,8673.0,6543.0,1.3255,0.3411,0.604,0.6482,0.2625,Apt high-rise
Fenside-Parkwoods,150.0,8612.0,6635.0,1.2979,0.3337,0.6644,0.7228,0.8351,Apt high-rise
Willowdale West,37.0,8598.0,7293.0,1.1789,0.3321,0.4046,0.4019,0.8004,Apt high-rise
Taylor Massey,61.0,8538.0,6462.0,1.3213,0.3249,0.6631,0.7212,0.9132,Apt high-rise
Annex,95.0,8417.0,6513.0,1.2923,0.3103,0.5914,0.6327,0.4967,Apt high-rise
Little Portugal,84.0,8267.0,6655.0,1.2423,0.2923,0.5722,0.6089,0.6182,Apt high-rise
Westminster-Branson,35.0,8098.0,6453.0,1.2551,0.2721,0.6022,0.646,0.8872,Apt high-rise
South Parkdale,85.0,8082.0,6187.0,1.3063,0.2701,0.8489,0.9507,0.8525,Apt high-rise
Bayview Village,52.0,7960.0,6985.0,1.1395,0.2555,0.4046,0.4019,0.679,Apt high-rise
Kensington-Chinatown,78.0,7751.0,6271.0,1.236,0.2304,0.6843,0.7474,0.9132,Apt high-rise
Flemingdon Park,44.0,7498.0,5950.0,1.2602,0.2,0.5656,0.6008,0.9566,Apt high-rise
Thorncliffe Park,55.0,7229.0,5699.0,1.2686,0.1678,0.8592,0.9634,0.9783,Apt high-rise
West Queen West,162.0,7190.0,6196.0,1.1606,0.1631,0.4552,0.4644,0.1952,Apt high-rise
North St. James Town,74.0,7190.0,5709.0,1.2594,0.1631,0.8888,1.0,0.8872,Apt high-rise
Moss Park,73.0,7035.0,6044.0,1.164,0.1445,0.6494,0.7043,0.6876,Apt high-rise
Etobicoke City Centre,159.0,7002.0,6229.0,1.124,0.1405,0.5002,0.52,0.6182,Apt high-rise
South Eglinton-Davisville,174.0,6988.0,5973.0,1.1699,0.1388,0.6955,0.7612,0.4794,Apt high-rise
Henry Farm,53.0,6809.0,6081.0,1.1197,0.1174,0.6081,0.6533,0.7831,Apt high-rise
Regent Park,72.0,6795.0,6035.0,1.126,0.1157,0.7054,0.7735,0.8959,Apt high-rise
Avondale,153.0,6780.0,6267.0,1.0819,0.1139,0.4253,0.4275,0.6095,Apt high-rise
Church-Wellesley,167.0,6702.0,5703.0,1.1753,0.1045,0.7573,0.8376,0.6876,Apt high-rise
North Toronto,173.0,6669.0,5741.0,1.1617,0.1006,0.8144,0.9081,0.6182,Apt high-rise
Downtown Yonge East,168.0,6383.0,5683.0,1.1232,0.0662,0.6394,0.6919,0.6356,Apt high-rise
St Lawrence-East Bayfront-The Islands,166.0,6315.0,5765.0,1.0953,0.0581,0.6027,0.6466,0.3579,Apt high-rise
Yonge-Doris,151.0,6314.0,5717.0,1.1045,0.058,0.4439,0.4505,0.8265,Apt high-rise
Humber Bay Shores,161.0,6254.0,5718.0,1.0937,0.0508,0.4587,0.4688,0.462,Apt high-rise
Bay-Cloverhill,169.0,6203.0,5630.0,1.1018,0.0446,0.6972,0.7633,0.757,Apt high-rise
Yonge-Bay Corridor,170.0,6050.0,5606.0,1.0791,0.0263,0.6772,0.7386,0.6616,Apt high-rise
Fort York-Liberty Village,163.0,5920.0,5679.0,1.0424,0.0107,0.534,0.5618,0.2169,Apt high-rise
Harbourfront-CityPlace,165.0,5878.0,5612.0,1.0474,0.0056,0.6,0.6433,0.3406,Apt high-rise
Wellington Place,164.0,5831.0,5652.0,1.0317,0.0,0.6157,0.6627,0.1627,Apt high-rise
