rank,neighbourhood,nb_number,energy_burden_index,priority_tier,income_score,renter_score,consumption_score,age_score,est_kwh,renter_pct,dominant_type
1,Rexdale-Kipling,4.0,0.7573545879838518,Critical,0.8872,0.5143,0.7695,0.839230586559012,12243.0,0.4956,Single detached
2,Oakridge,121.0,0.7405361030634053,Critical,0.9783,0.7574,0.4299,0.6753740204227023,9413.0,0.6924,Apt high-rise
3,Bendale South,157.0,0.7339182177630016,Critical,0.8959,0.3126,0.861,0.8463547850866773,13006.0,0.3323,Single detached
4,Beechborough-Greenbrook,112.0,0.7293485989076228,Critical,0.8785,0.7264,0.5335,0.7126573260508193,10277.0,0.6673,Apt low-rise
5,Golfdale-Cedarbrae-Woburn,141.0,0.7241540916646876,Critical,0.9393,0.5219,0.6274,0.7204939444312511,11059.0,0.5017,Single detached
6,Black Creek,24.0,0.7215202457848491,Critical,0.9783,0.7342,0.391,0.6521016385656612,9089.0,0.6736,Apt high-rise
7,Rustic,28.0,0.7203207706008072,Critical,0.9349,0.6724,0.5052,0.6580384706720491,10041.0,0.6236,Apt high-rise
8,Thorncliffe Park,55.0,0.7095911315601995,Critical,0.9783,0.9634,0.1678,0.5625742104013296,7229.0,0.8592,Apt high-rise
9,Wexford/Maryvale,119.0,0.7089406138684398,Critical,0.8525,0.4102,0.765,0.7784374257895983,12206.0,0.4113,Single detached
10,Ionview,125.0,0.705912336737117,Critical,0.8785,0.6634,0.4801,0.7504155782474468,9832.0,0.6163,Apt high-rise
11,Oakwood Village,107.0,0.7035471360721918,Critical,0.8004,0.5145,0.6773,0.8363809071479454,11475.0,0.4957,Single detached
12,South Parkdale,85.0,0.7013902457848491,Critical,0.8525,0.9507,0.2701,0.6521016385656612,8082.0,0.8489,Apt high-rise
13,Thistletown-Beaumond Heights,3.0,0.7010615435763476,Critical,0.9046,0.3666,0.7372,0.7233436238423177,11974.0,0.376,Single detached
14,O`Connor Parkview,54.0,0.6999502172880551,Critical,0.8004,0.5719,0.6484,0.7649014485870335,11234.0,0.5422,Single detached
15,Oakdale-Beverley Heights,154.0,0.694074464497744,Critical,0.8872,0.6033,0.5341,0.6613630966516266,10282.0,0.5676,Apt high-rise
16,Dovercourt Village,172.0,0.6919552968416053,Critical,0.7918,0.4628,0.6515,0.9083353122773683,11260.0,0.4539,Apt low-rise
17,Caledonia-Fairbank,109.0,0.6899746402279744,Critical,0.8091,0.3599,0.7878,0.799097601519829,12396.0,0.3706,Single detached
18,Keelesdale-Eglinton West,110.0,0.6866031382094514,Critical,0.8959,0.405,0.6654,0.702920921396343,11376.0,0.4071,Single detached
19,Blake-Jones,69.0,0.6848893754452623,Critical,0.7831,0.47,0.6399,0.8888625029684156,11163.0,0.4597,Semi-detached
20,Taylor Massey,61.0,0.6843033946805983,Critical,0.9132,0.7212,0.3249,0.6877226312039891,8538.0,0.6631,Apt high-rise
21,Parkwoods-O'Connor Hills,149.0,0.683620730230349,Critical,0.7657,0.5534,0.6684,0.734504868202327,11401.0,0.5272,Single detached
22,North St. James Town,74.0,0.6824040002374732,Critical,0.8872,1.0,0.1631,0.5407266682498219,7190.0,0.8888,Apt high-rise
23,Rockcliffe-Smythe,111.0,0.6817119520303965,Critical,0.8698,0.4436,0.6016,0.7732130135359769,10844.0,0.4383,Apt high-rise
24,Broadview North,57.0,0.6741559225837093,Critical,0.7744,0.7557,0.4229,0.7231061505580622,9355.0,0.691,Apt high-rise
25,New Toronto,18.0,0.6736397328425552,Critical,0.8004,0.5965,0.568,0.6824982189503678,10564.0,0.5621,Apt low-rise
26,Palmerston-Little Italy,80.0,0.673423830444075,Critical,0.679,0.6257,0.5647,0.9211588696271666,10537.0,0.5858,Apt low-rise
27,Maple Leaf,29.0,0.6729857183566849,Critical,0.8091,0.4632,0.6771,0.6981714557112325,11473.0,0.4542,Single detached
28,Kennedy Park,124.0,0.6723563915934456,Critical,0.9219,0.4931,0.5107,0.6582759439563046,10087.0,0.4784,Apt high-rise
29,Brookhaven-Amesbury,30.0,0.672163703395868,Critical,0.8698,0.6313,0.4602,0.632391355972453,9666.0,0.5903,Apt high-rise
30,Weston,113.0,0.671910566373783,Critical,0.8612,0.6991,0.403,0.6331037758252195,9189.0,0.6452,Apt high-rise
31,Glenfield-Jane Heights,25.0,0.6695958347185941,Critical,0.9566,0.4975,0.4491,0.6542388981239606,9573.0,0.482,Apt high-rise
32,Cliffcrest,123.0,0.6693748408928996,Critical,0.7918,0.3542,0.7869,0.7131322726193303,12388.0,0.366,Single detached
33,Humewood-Cedarvale,106.0,0.6680202410353835,Critical,0.6356,0.684,0.5957,0.8375682735692235,10795.0,0.633,Apt low-rise
34,Victoria Village,43.0,0.6677846889099975,Critical,0.8785,0.6288,0.4236,0.6480645927333173,9361.0,0.5883,Apt high-rise
35,Old East York,58.0,0.6631394716219425,Critical,0.6529,0.325,0.8836,0.8831631441462833,13194.0,0.3423,Single detached
36,Weston-Pelham Park,91.0,0.6630320600807408,Critical,0.8438,0.4042,0.5843,0.8038470672049395,10700.0,0.4064,Apt low-rise
37,Corso Italia-Davenport,92.0,0.6606356934219899,Critical,0.7223,0.3557,0.7225,0.9218712894799331,11852.0,0.3672,Apt low-rise
38,Elms-Old Rexdale,5.0,0.6606122488720019,Critical,0.8698,0.455,0.5608,0.6815483258133458,10504.0,0.4476,Apt high-rise
39,Mount Olive-Silverstone-Jamestown,2.0,0.6553240322963666,Critical,0.974,0.5692,0.3652,0.5388268819757774,8874.0,0.54,Apt high-rise
40,Briar Hill-Belgravia,108.0,0.6524432343861315,Critical,0.8091,0.5447,0.514,0.69722156257421,10114.0,0.5202,Apt high-rise
41,Fenside-Parkwoods,150.0,0.6512330824032295,High,0.8351,0.7228,0.3337,0.6321538826881975,8612.0,0.6644,Apt high-rise
42,Morningside,135.0,0.6477439278081216,High,0.8698,0.4025,0.5993,0.6190928520541437,10825.0,0.4051,Single detached
43,Humbermede,22.0,0.6476036796485395,High,0.9132,0.5704,0.4057,0.5597245309902636,9212.0,0.541,Apt high-rise
44,Kingsview Village-The Westway,6.0,0.6449847969603419,High,0.8698,0.4828,0.4722,0.6786986464022793,9766.0,0.4701,Apt high-rise
45,West Hill,136.0,0.6435068606031821,High,0.8959,0.4054,0.5583,0.5934457373545476,10483.0,0.4074,Apt high-rise
46,Forest Hill North,102.0,0.6417670482070766,High,0.6529,0.7044,0.4881,0.7675136547138445,9898.0,0.6495,Apt high-rise
47,Dufferin Grove,83.0,0.6408943718831631,High,0.731,0.6252,0.4482,0.7779624792210873,9566.0,0.5854,Apt low-rise
48,Scarborough Village,139.0,0.6407896331037758,High,0.9132,0.5815,0.3568,0.5772975540251718,8804.0,0.55,Apt high-rise
49,Woodbine-Lumsden,60.0,0.6405718594158157,High,0.6095,0.3169,0.8582,0.8898123961054382,12982.0,0.3358,Single detached
50,L'Amoreaux West,147.0,0.6402055426264545,High,0.9349,0.4665,0.4492,0.5604369508430301,9574.0,0.4569,Apt high-rise
51,Eglinton East,138.0,0.6384393766326287,High,0.8959,0.5635,0.3805,0.5924958442175251,9002.0,0.5354,Apt high-rise
52,Trinity-Bellwoods,81.0,0.6373362906672999,High,0.7397,0.4511,0.553,0.8494419377819993,10439.0,0.4444,Apt low-rise
53,Mount Dennis,115.0,0.6370108869627166,High,0.8612,0.5509,0.423,0.6141059130847778,9356.0,0.5252,Apt high-rise
54,Kensington-Chinatown,78.0,0.6368436879601044,High,0.9132,0.7474,0.2304,0.4851579197340297,7751.0,0.6843,Apt high-rise
55,Newtonbrook West,36.0,0.634218988363809,High,0.9046,0.519,0.4488,0.504393255758727,9571.0,0.4994,Apt high-rise
56,University,79.0,0.6336932379482308,High,0.679,0.657,0.4423,0.8081215863215389,9517.0,0.6111,Apt low-rise
57,Bathurst Manor,34.0,0.6330060591308477,High,0.8004,0.4684,0.5585,0.6409403942056519,10485.0,0.4584,Single detached
58,Tam O'Shanter-Sullivan,118.0,0.6276613239135597,High,0.9046,0.4434,0.4701,0.5511754927570647,9748.0,0.4382,Apt high-rise
59,Lambton Baby Point,114.0,0.6265702327238185,High,0.5575,0.4093,0.7692,0.9121348848254568,12241.0,0.4106,Single detached
60,York University Heights,27.0,0.6237760436950843,High,0.9132,0.5627,0.3577,0.4937069579672286,8812.0,0.5348,Apt high-rise
61,Birchcliffe-Cliffside,122.0,0.623686234861078,High,0.6616,0.3267,0.7746,0.7786748990738538,12286.0,0.3437,Single detached
62,Woburn North,142.0,0.6234925658988363,High,0.9132,0.4717,0.4128,0.5516504393255757,9271.0,0.4611,Apt high-rise
63,Willowridge-Martingrove-Richview,7.0,0.6222977618142959,High,0.731,0.4667,0.6084,0.6511517454286392,10901.0,0.457,Apt high-rise
64,Dorset Park,126.0,0.6218032628829258,High,0.8959,0.3923,0.49,0.5844217525528377,9914.0,0.3968,Apt high-rise
65,Roncesvalles,86.0,0.6215422441225362,High,0.6269,0.5621,0.5262,0.867014960816908,10216.0,0.5343,Apt low-rise
66,Englemount-Lawrence,32.0,0.6213172013773451,High,0.8091,0.603,0.4278,0.536214675848967,9396.0,0.5674,Apt high-rise
67,Westminster-Branson,35.0,0.6196222975540252,High,0.8872,0.646,0.2721,0.5305153170268345,8098.0,0.6022,Apt high-rise
68,Danforth-East York,59.0,0.6191988185704108,High,0.6095,0.2833,0.8093,0.8848254571360722,12575.0,0.3086,Single detached
69,Downsview,155.0,0.6187298777012586,High,0.8004,0.4865,0.5524,0.5257658513417242,10434.0,0.4731,Apt low-rise
70,Humber Summit,21.0,0.6173713797197815,High,0.9393,0.2479,0.5334,0.6219425314652102,10276.0,0.2799,Semi-detached
71,Flemingdon Park,44.0,0.6164039681785799,High,0.9566,0.6008,0.2,0.5426264545238658,7498.0,0.5656,Apt high-rise
72,Clairlea-Birchmount,120.0,0.6151342804559488,High,0.8178,0.3496,0.6071,0.598195203039658,10890.0,0.3622,Single detached
73,Danforth,66.0,0.6142908335312277,High,0.6095,0.3555,0.678,0.9506055568748513,11481.0,0.367,Apt low-rise
74,Greenwood-Coxwell,65.0,0.6124712906672999,High,0.6443,0.4077,0.6305,0.8494419377819993,11085.0,0.4093,Apt low-rise
75,Yorkdale-Glen Park,31.0,0.6117392127760626,High,0.8265,0.4737,0.5215,0.4910947518404176,10177.0,0.4627,Single detached
76,Don Valley Village,47.0,0.6116739361196865,High,0.8612,0.5116,0.4027,0.5445262407979098,9187.0,0.4934,Apt high-rise
77,Bayview Woods-Steeles,49.0,0.611617449536927,High,0.7918,0.449,0.5316,0.5955829969128471,10261.0,0.4427,Apt high-rise
78,Wychwood,94.0,0.6088503455236286,High,0.6703,0.5133,0.5293,0.7573023034908571,10242.0,0.4948,Apt low-rise
79,Stonegate-Queensway,16.0,0.604098847067205,High,0.5662,0.3614,0.7991,0.7720256471146995,12490.0,0.3718,Single detached
80,Alderwood,20.0,0.6033200569935881,High,0.6356,0.1884,0.8704,0.7744003799572544,13084.0,0.2317,Single detached
81,Newtonbrook East,50.0,0.6030315245784849,High,0.8785,0.371,0.5321,0.465210163856566,10265.0,0.3796,Single detached
82,Playter Estates-Danforth,67.0,0.6021276727618142,High,0.5488,0.5461,0.5669,0.8786511517454283,10555.0,0.5213,Apt high-rise
83,West Humber-Clairville,1.0,0.597471781049632,High,0.8872,0.3299,0.5479,0.45001187366421275,10397.0,0.3463,Single detached
84,Humber Heights-Westmount,8.0,0.5908906304915696,High,0.7397,0.3906,0.5598,0.629304203277131,10496.0,0.3954,Apt high-rise
85,Agincourt North,129.0,0.5896977986226549,High,0.9653,0.1671,0.562,0.463785324151033,10514.0,0.2145,Single detached
86,Pleasant View,46.0,0.5874115720731417,High,0.8698,0.2379,0.5277,0.6105438138209448,10228.0,0.2718,Semi-detached
87,Hillcrest Village,48.0,0.5859520850154357,High,0.8698,0.2417,0.5363,0.5801472334362383,10300.0,0.2749,Apt high-rise
88,East End Danforth,62.0,0.585914199715032,High,0.6182,0.4626,0.5649,0.7511279981002137,10538.0,0.4537,Apt low-rise
89,East L'Amoreaux,148.0,0.5843466124436001,High,0.9436,0.2116,0.4843,0.534077416290667,9867.0,0.2505,Apt high-rise
90,Mimico-Queensway,160.0,0.5833814557112325,High,0.6356,0.4817,0.5693,0.6544763714082161,10575.0,0.4692,Single detached
91,Malvern West,145.0,0.579668151270482,High,0.9306,0.227,0.5231,0.44288767513654687,10190.0,0.263,Row house
92,High Park North,88.0,0.577179540489195,High,0.5662,0.7246,0.3751,0.6938969365946331,8957.0,0.6658,Apt high-rise
93,North Riverdale,68.0,0.5717223759202089,High,0.436,0.4171,0.6772,0.9703158394680594,11474.0,0.4169,Apt low-rise
94,Woodbine Corridor,64.0,0.5715269116599382,High,0.5315,0.3976,0.6346,0.8496794110662548,11119.0,0.4011,Apt low-rise
95,Regent Park,72.0,0.5694555960579434,High,0.8959,0.7735,0.1157,0.2239373070529561,6795.0,0.7054,Apt high-rise
96,Junction-Wallace Emerson,171.0,0.5689890121111375,High,0.7223,0.5183,0.4002,0.5770600807409163,9166.0,0.4988,Apt low-rise
97,Bendale-Glen Andrew,156.0,0.5662869092852053,High,0.8785,0.3895,0.3803,0.4424127285680359,9000.0,0.3945,Apt high-rise
98,Long Branch,19.0,0.5653929102350985,High,0.6182,0.5163,0.5166,0.6053194015673234,10136.0,0.4972,Apt low-rise
99,Etobicoke West Mall,13.0,0.5640367003087152,High,0.7657,0.4453,0.3771,0.6029446687247685,8973.0,0.4397,Apt high-rise
100,Steeles,116.0,0.5636053870814534,High,0.9826,0.1126,0.5355,0.3844692472096887,10293.0,0.1704,Single detached
101,Milliken,130.0,0.5634894977440038,High,1.0,0.0504,0.5857,0.3630966516266921,10712.0,0.12,Single detached
102,Highland Creek,134.0,0.5633894977440038,High,0.8265,0.0714,0.8072,0.3630966516266921,12557.0,0.137,Single detached
103,Malvern East,146.0,0.5630131714557112,High,0.8959,0.2714,0.4836,0.4046544763714079,9861.0,0.2989,Apt high-rise
104,Agincourt South-Malvern West,128.0,0.5566090809783899,High,0.9219,0.2773,0.4258,0.38779387318926617,9379.0,0.3037,Apt high-rise
105,Junction Area,90.0,0.5516754618855378,High,0.5922,0.4209,0.5287,0.7133697459035858,10237.0,0.42,Apt low-rise
106,Eringate-Centennial-West Deane,11.0,0.5513944763714081,High,0.6529,0.1015,0.7714,0.697696509142721,12259.0,0.1614,Single detached
107,East Willowdale,152.0,0.5500422061268108,High,0.8178,0.2753,0.5695,0.35074804084540473,10577.0,0.3021,Single detached
108,Cabbagetown-South St. James Town,71.0,0.5479794443125148,High,0.6009,0.5805,0.3504,0.6995962954167655,8751.0,0.5492,Apt high-rise
109,St.Andrew-Windfields,40.0,0.5431421693184516,High,0.6095,0.3489,0.6475,0.538114462123011,11227.0,0.3617,Single detached
110,Yonge-Eglinton,100.0,0.5410547007836619,High,0.4187,0.6772,0.4902,0.6843980052244122,9916.0,0.6275,Apt high-rise
111,Runnymede-Bloor West Village,89.0,0.53964,High,0.3059,0.174,0.9563,1.0,13800.0,0.2201,Single detached
112,Edenbridge-Humber Valley,9.0,0.5367924174780337,High,0.5662,0.4397,0.5563,0.5974827831868915,10467.0,0.4352,Single detached
113,Pelmo Park-Humberlea,23.0,0.5340897055331275,High,0.757,0.1325,0.6447,0.49893137022085,11203.0,0.1865,Single detached
114,Clanton Park,33.0,0.5323942531465209,High,0.705,0.4641,0.4297,0.4146283543101398,9412.0,0.4549,Apt high-rise
115,Church-Wellesley,167.0,0.5273367454286393,High,0.6876,0.8376,0.1045,0.3410116361909284,6702.0,0.7573,Apt high-rise
116,Islington,158.0,0.5269156827356922,High,0.6269,0.292,0.5845,0.5891712182379482,10702.0,0.3156,Single detached
117,Guildwood,140.0,0.5255107706008073,High,0.5748,0.1722,0.7303,0.6580384706720491,11917.0,0.2186,Single detached
118,Markland Wood,12.0,0.5245113072904297,High,0.6009,0.2315,0.6051,0.700308715269532,10873.0,0.2666,Apt high-rise
119,South Riverdale,70.0,0.5189850213725956,Moderate,0.5575,0.4308,0.4654,0.6654001424839705,9709.0,0.428,Apt low-rise
120,Little Portugal,84.0,0.5166878104963191,Moderate,0.6182,0.6089,0.2923,0.5001187366421275,8267.0,0.5722,Apt high-rise
121,Willowdale West,37.0,0.5160741011636191,Moderate,0.8004,0.4019,0.3321,0.34956067442412725,8598.0,0.4046,Apt high-rise
122,North Toronto,173.0,0.5148522904298266,Moderate,0.6182,0.9081,0.1006,0.30871526953217737,6669.0,0.8144,Apt high-rise
123,West Rouge,143.0,0.5123440928520541,Moderate,0.705,0.1554,0.6525,0.4241272856803606,11268.0,0.205,Single detached
124,Lansing-Westgate,38.0,0.5094506672999287,Moderate,0.6356,0.4382,0.4446,0.4419377819995249,9536.0,0.434,Apt high-rise
125,Princess-Rosethorn,10.0,0.5067189111849916,Moderate,0.3406,0.0891,1.0,0.768226074566611,14164.0,0.1513,Single detached
126,Mount Pleasant East,99.0,0.504377925670862,Moderate,0.3492,0.4569,0.6202,0.7525528378057467,10999.0,0.4491,Apt high-rise
127,Annex,95.0,0.5024233068154832,Moderate,0.4967,0.6327,0.3103,0.6188553787698882,8417.0,0.5914,Apt high-rise
128,Moss Park,73.0,0.4999865732605081,Moderate,0.6876,0.7043,0.1445,0.3141771550700543,7035.0,0.6494,Apt high-rise
129,Banbury-Don Mills,42.0,0.49870752196627877,Moderate,0.6095,0.3992,0.432,0.5172168131085252,9431.0,0.4024,Apt high-rise
130,Henry Farm,53.0,0.4981064735217287,Moderate,0.7831,0.6533,0.1174,0.20897649014485833,6809.0,0.6081,Apt high-rise
131,Morningside Heights,144.0,0.49536334481120864,Moderate,0.8612,0.0931,0.6016,0.13512229874139148,10844.0,0.1546,Single detached
132,Bay-Cloverhill,169.0,0.49189531583946794,Moderate,0.757,0.7633,0.0446,0.16646877226311999,6203.0,0.6972,Apt high-rise
133,Bedford Park-Nortown,39.0,0.48237753383994286,Moderate,0.4447,0.2961,0.6787,0.5535502255996196,11487.0,0.3189,Single detached
134,High Park-Swansea,87.0,0.4799277214438376,Moderate,0.3926,0.3998,0.5337,0.7276181429589171,10278.0,0.4029,Apt high-rise
135,The Beaches,63.0,0.4781468356684872,Moderate,0.2885,0.3547,0.6637,0.8171455711232483,11362.0,0.3664,Apt low-rise
136,Leaside-Bennington,56.0,0.47772667537402036,Moderate,0.2278,0.2438,0.8522,0.8266445024934691,12932.0,0.2766,Single detached
137,Centennial Scarborough,133.0,0.47191011042507713,Moderate,0.5575,0.0,0.8444,0.4379007361671809,12867.0,0.0792,Single detached
138,Forest Hill South,101.0,0.46654280574685336,Moderate,0.2798,0.5374,0.5257,0.6855853716456897,10212.0,0.5143,Apt high-rise
139,Lawrence Park South,103.0,0.4595552730942768,Moderate,0.1518,0.2919,0.8324,0.835668487295179,12767.0,0.3155,Single detached
140,Casa Loma,96.0,0.45791688435051053,Moderate,0.3145,0.5952,0.3965,0.666112562336737,9135.0,0.5611,Apt high-rise
141,Lawrence Park North,105.0,0.4470074566611255,Moderate,0.141,0.2087,0.8915,0.8173830444075038,13260.0,0.2482,Single detached
142,Downtown Yonge East,168.0,0.44457820826407024,Moderate,0.6356,0.6919,0.0662,0.21728805509380172,6383.0,0.6394,Apt high-rise
143,Yonge-St. Clair,97.0,0.4438544763714081,Moderate,0.2625,0.6482,0.3411,0.697696509142721,8673.0,0.604,Apt high-rise
144,Yonge-Doris,151.0,0.44233208264070295,Moderate,0.8265,0.4505,0.058,0.1728805509380194,6314.0,0.4439,Apt high-rise
145,South Eglinton-Davisville,174.0,0.4420182118261695,Moderate,0.4794,0.7612,0.1388,0.32818807884113005,6988.0,0.6955,Apt high-rise
146,Bayview Village,52.0,0.44039943006411775,Moderate,0.679,0.4019,0.2555,0.25599620042745164,7960.0,0.4046,Apt high-rise
147,Yonge-Bay Corridor,170.0,0.4396693505105675,Moderate,0.6616,0.7386,0.0263,0.1125623367371168,6050.0,0.6772,Apt high-rise
148,Etobicoke City Centre,159.0,0.4143731762051769,Moderate,0.6182,0.52,0.1405,0.21918784136784622,7002.0,0.5002,Apt high-rise
149,Rosedale-Moore Park,98.0,0.386096243172643,Moderate,0.1518,0.4263,0.4831,0.7041082878176205,9857.0,0.4243,Apt high-rise
150,Avondale,153.0,0.3665567383044408,Moderate,0.6095,0.4275,0.1139,0.11921158869627171,6780.0,0.4253,Apt high-rise
151,Kingsway South,15.0,0.3531620042745191,Moderate,0.0,0.1335,0.8393,0.733080028496794,12825.0,0.1873,Single detached
152,St Lawrence-East Bayfront-The Islands,166.0,0.32409495131797667,Moderate,0.3579,0.6466,0.0581,0.1510330087865112,6315.0,0.6027,Apt high-rise
153,Humber Bay Shores,161.0,0.31368501543576344,Moderate,0.462,0.4688,0.0508,0.14723343623842278,6254.0,0.4587,Apt high-rise
154,Harbourfront-CityPlace,165.0,0.28702749584421755,Moderate,0.3406,0.6433,0.0056,0.03728330562811694,5878.0,0.6,Apt high-rise
155,West Queen West,162.0,0.27111045951080504,Moderate,0.1952,0.4644,0.1631,0.3061030634053669,7190.0,0.4552,Apt high-rise
156,Bridle Path-Sunnybrook-York Mills,41.0,0.25805868439800517,Moderate,0.0542,0.0445,0.6873,0.3742578959867014,11558.0,0.1152,Single detached
157,Fort York-Liberty Village,163.0,0.22285144621230107,Moderate,0.2169,0.5618,0.0107,0.02540964141534061,5920.0,0.534,Apt high-rise
158,Wellington Place,164.0,0.22261999999999998,Moderate,0.1627,0.6627,0.0,0.0,5831.0,0.6157,Apt high-rise
